Merkmal,Top2_Wichtigkeit,Frage5,Frage6
Geschwindigkeit,73.27,37.62376237623762,68.31683168316832
Genauigkeit,80.2,66.33663366336634,7.920792079207921
Problemlösung,79.21,51.48514851485149,10.891089108910892
Menschlichkeit,27.72,1.9801980198019802,11.881188118811881
Bedienbarkeit,66.34,13.861386138613863,62.37623762376238
Kontext,79.21,15.841584158415841,7.920792079207921
Tonalität,41.58,0.0,40.5940594059406
Datenschutz,72.28,12.871287128712872,13.861386138613863
